id,sku,name,category,price,currency,description
1,SKU-00001,Office Item 1,office,15.49,USD,Sample description 1
2,SKU-00002,Outdoors Item 2,outdoors,13.84,USD,Sample description 2
3,SKU-00003,Books Item 3,books,35.23,USD,Sample description 3
4,SKU-00004,Electronics Item 4,electronics,363.68,USD,Sample description 4
5,SKU-00005,Tools Item 5,tools,388.35,USD,Sample description 5
6,SKU-00006,Office Item 6,office,317.89,USD,Sample description 6
7,SKU-00007,Fitness Item 7,fitness,375.36,USD,Sample description 7
8,SKU-00008,Toys Item 8,toys,153.87,USD,Sample description 8
9,SKU-00009,Fitness Item 9,fitness,191.5,USD,Sample description 9
10,SKU-00010,Tools Item 10,tools,363.55,USD,Sample description 10
11,SKU-00011,Kitchen Item 11,kitchen,238.26,USD,Sample description 11
12,SKU-00012,Toys Item 12,toys,290.74,USD,Sample description 12
13,SKU-00013,Outdoors Item 13,outdoors,142.42,USD,Sample description 13
14,SKU-00014,Fitness Item 14,fitness,391.21,USD,Sample description 14
15,SKU-00015,Electronics Item 15,electronics,195.41,USD,Sample description 15
16,SKU-00016,Books Item 16,books,32.81,USD,Sample description 16
17,SKU-00017,Kitchen Item 17,kitchen,66.19,USD,Sample description 17
18,SKU-00018,Electronics Item 18,electronics,201.78,USD,Sample description 18
19,SKU-00019,Fitness Item 19,fitness,238.64,USD,Sample description 19
20,SKU-00020,Books Item 20,books,135.94,USD,Sample description 20
21,SKU-00021,Fitness Item 21,fitness,465.11,USD,Sample description 21
22,SKU-00022,Kitchen Item 22,kitchen,124.87,USD,Sample description 22
23,SKU-00023,Toys Item 23,toys,331.7,USD,Sample description 23
24,SKU-00024,Kitchen Item 24,kitchen,361.76,USD,Sample description 24
25,SKU-00025,Toys Item 25,toys,253.12,USD,Sample description 25
26,SKU-00026,Books Item 26,books,308.82,USD,Sample description 26
27,SKU-00027,Outdoors Item 27,outdoors,143.2,USD,Sample description 27
28,SKU-00028,Office Item 28,office,37.01,USD,Sample description 28
29,SKU-00029,Fitness Item 29,fitness,90.68,USD,Sample description 29
30,SKU-00030,Tools Item 30,tools,324.2,USD,Sample description 30
31,SKU-00031,Office Item 31,office,203.51,USD,Sample description 31
32,SKU-00032,Toys Item 32,toys,440.74,USD,Sample description 32
33,SKU-00033,Office Item 33,office,416.74,USD,Sample description 33
34,SKU-00034,Outdoors Item 34,outdoors,119.68,USD,Sample description 34
35,SKU-00035,Fitness Item 35,fitness,39.55,USD,Sample description 35
36,SKU-00036,Kitchen Item 36,kitchen,76.31,USD,Sample description 36
37,SKU-00037,Kitchen Item 37,kitchen,101.38,USD,Sample description 37
38,SKU-00038,Office Item 38,office,108.28,USD,Sample description 38
39,SKU-00039,Tools Item 39,tools,102.14,USD,Sample description 39
40,SKU-00040,Fitness Item 40,fitness,465.63,USD,Sample description 40
41,SKU-00041,Toys Item 41,toys,308.47,USD,Sample description 41
42,SKU-00042,Outdoors Item 42,outdoors,289.68,USD,Sample description 42
43,SKU-00043,Kitchen Item 43,kitchen,325.61,USD,Sample description 43
44,SKU-00044,Books Item 44,books,94.62,USD,Sample description 44
45,SKU-00045,Fitness Item 45,fitness,368.42,USD,Sample description 45
46,SKU-00046,Kitchen Item 46,kitchen,428.6,USD,Sample description 46
47,SKU-00047,Books Item 47,books,123.77,USD,Sample description 47
48,SKU-00048,Toys Item 48,toys,292.04,USD,Sample description 48
49,SKU-00049,Kitchen Item 49,kitchen,135.56,USD,Sample description 49
50,SKU-00050,Outdoors Item 50,outdoors,452.83,USD,Sample description 50
51,SKU-00051,Office Item 51,office,121.88,USD,Sample description 51
52,SKU-00052,Toys Item 52,toys,220.61,USD,Sample description 52
53,SKU-00053,Electronics Item 53,electronics,366.44,USD,Sample description 53
54,SKU-00054,Books Item 54,books,392.74,USD,Sample description 54
55,SKU-00055,Books Item 55,books,391.6,USD,Sample description 55
56,SKU-00056,Toys Item 56,toys,218.17,USD,Sample description 56
57,SKU-00057,Kitchen Item 57,kitchen,118.85,USD,Sample description 57
58,SKU-00058,Electronics Item 58,electronics,142.84,USD,Sample description 58
59,SKU-00059,Outdoors Item 59,outdoors,98.84,USD,Sample description 59
60,SKU-00060,Fitness Item 60,fitness,198.33,USD,Sample description 60
61,SKU-00061,Kitchen Item 61,kitchen,394.99,USD,Sample description 61
62,SKU-00062,Kitchen Item 62,kitchen,341.86,USD,Sample description 62
63,SKU-00063,Toys Item 63,toys,17.57,USD,Sample description 63
64,SKU-00064,Toys Item 64,toys,178.36,USD,Sample description 64
65,SKU-00065,Fitness Item 65,fitness,236.87,USD,Sample description 65
66,SKU-00066,Electronics Item 66,electronics,280.23,USD,Sample description 66
67,SKU-00067,Outdoors Item 67,outdoors,101.27,USD,Sample description 67
68,SKU-00068,Outdoors Item 68,outdoors,257.95,USD,Sample description 68
69,SKU-00069,Fitness Item 69,fitness,117.92,USD,Sample description 69
70,SKU-00070,Toys Item 70,toys,258.69,USD,Sample description 70
71,SKU-00071,Outdoors Item 71,outdoors,8.64,USD,Sample description 71
72,SKU-00072,Office Item 72,office,90.48,USD,Sample description 72
73,SKU-00073,Tools Item 73,tools,49.1,USD,Sample description 73
74,SKU-00074,Electronics Item 74,electronics,264.63,USD,Sample description 74
75,SKU-00075,Office Item 75,office,200.1,USD,Sample description 75
76,SKU-00076,Kitchen Item 76,kitchen,373.45,USD,Sample description 76
77,SKU-00077,Outdoors Item 77,outdoors,271.4,USD,Sample description 77
78,SKU-00078,Outdoors Item 78,outdoors,475.23,USD,Sample description 78
79,SKU-00079,Fitness Item 79,fitness,262.98,USD,Sample description 79
80,SKU-00080,Kitchen Item 80,kitchen,185.66,USD,Sample description 80
81,SKU-00081,Office Item 81,office,41.36,USD,Sample description 81
82,SKU-00082,Outdoors Item 82,outdoors,228.06,USD,Sample description 82
83,SKU-00083,Fitness Item 83,fitness,487.36,USD,Sample description 83
84,SKU-00084,Books Item 84,books,151.47,USD,Sample description 84
85,SKU-00085,Kitchen Item 85,kitchen,104.74,USD,Sample description 85
86,SKU-00086,Kitchen Item 86,kitchen,359.04,USD,Sample description 86
87,SKU-00087,Office Item 87,office,478.01,USD,Sample description 87
88,SKU-00088,Toys Item 88,toys,82.13,USD,Sample description 88
89,SKU-00089,Outdoors Item 89,outdoors,206.52,USD,Sample description 89
90,SKU-00090,Outdoors Item 90,outdoors,89.71,USD,Sample description 90
91,SKU-00091,Toys Item 91,toys,26.08,USD,Sample description 91
92,SKU-00092,Outdoors Item 92,outdoors,98.26,USD,Sample description 92
93,SKU-00093,Fitness Item 93,fitness,95.63,USD,Sample description 93
94,SKU-00094,Kitchen Item 94,kitchen,257.64,USD,Sample description 94
95,SKU-00095,Outdoors Item 95,outdoors,35.85,USD,Sample description 95
96,SKU-00096,Toys Item 96,toys,20.23,USD,Sample description 96
97,SKU-00097,Kitchen Item 97,kitchen,68.57,USD,Sample description 97
98,SKU-00098,Tools Item 98,tools,29.43,USD,Sample description 98
99,SKU-00099,Kitchen Item 99,kitchen,333.48,USD,Sample description 99
100,SKU-00100,Kitchen Item 100,kitchen,173.75,USD,Sample description 100
101,SKU-00101,Tools Item 101,tools,215.54,USD,Sample description 101
102,SKU-00102,Toys Item 102,toys,100.68,USD,Sample description 102
103,SKU-00103,Tools Item 103,tools,478.09,USD,Sample description 103
104,SKU-00104,Fitness Item 104,fitness,435.32,USD,Sample description 104
105,SKU-00105,Tools Item 105,tools,69.2,USD,Sample description 105
106,SKU-00106,Office Item 106,office,10.49,USD,Sample description 106
107,SKU-00107,Office Item 107,office,97.56,USD,Sample description 107
108,SKU-00108,Fitness Item 108,fitness,119.47,USD,Sample description 108
109,SKU-00109,Outdoors Item 109,outdoors,125.45,USD,Sample description 109
110,SKU-00110,Electronics Item 110,electronics,358.96,USD,Sample description 110
111,SKU-00111,Books Item 111,books,14.45,USD,Sample description 111
112,SKU-00112,Electronics Item 112,electronics,299.59,USD,Sample description 112
113,SKU-00113,Kitchen Item 113,kitchen,129.28,USD,Sample description 113
114,SKU-00114,Fitness Item 114,fitness,96.74,USD,Sample description 114
115,SKU-00115,Electronics Item 115,electronics,310.42,USD,Sample description 115
116,SKU-00116,Office Item 116,office,198.05,USD,Sample description 116
117,SKU-00117,Books Item 117,books,193.97,USD,Sample description 117
118,SKU-00118,Toys Item 118,toys,194.14,USD,Sample description 118
119,SKU-00119,Outdoors Item 119,outdoors,225.71,USD,Sample description 119
120,SKU-00120,Tools Item 120,tools,246.75,USD,Sample description 120
121,SKU-00121,Books Item 121,books,366.12,USD,Sample description 121
122,SKU-00122,Books Item 122,books,408.63,USD,Sample description 122
123,SKU-00123,Kitchen Item 123,kitchen,272.22,USD,Sample description 123
124,SKU-00124,Office Item 124,office,185.57,USD,Sample description 124
125,SKU-00125,Fitness Item 125,fitness,118.51,USD,Sample description 125
126,SKU-00126,Tools Item 126,tools,187.15,USD,Sample description 126
127,SKU-00127,Fitness Item 127,fitness,215.66,USD,Sample description 127
128,SKU-00128,Tools Item 128,tools,332.35,USD,Sample description 128
129,SKU-00129,Office Item 129,office,19.96,USD,Sample description 129
130,SKU-00130,Fitness Item 130,fitness,414.16,USD,Sample description 130
131,SKU-00131,Books Item 131,books,181.17,USD,Sample description 131
132,SKU-00132,Electronics Item 132,electronics,471.07,USD,Sample description 132
133,SKU-00133,Fitness Item 133,fitness,485.33,USD,Sample description 133
134,SKU-00134,Tools Item 134,tools,434.21,USD,Sample description 134
135,SKU-00135,Fitness Item 135,fitness,131.01,USD,Sample description 135
136,SKU-00136,Electronics Item 136,electronics,373.32,USD,Sample description 136
137,SKU-00137,Tools Item 137,tools,395.4,USD,Sample description 137
138,SKU-00138,Fitness Item 138,fitness,365.25,USD,Sample description 138
139,SKU-00139,Toys Item 139,toys,495.49,USD,Sample description 139
140,SKU-00140,Toys Item 140,toys,21.78,USD,Sample description 140
141,SKU-00141,Books Item 141,books,139.15,USD,Sample description 141
142,SKU-00142,Toys Item 142,toys,332.66,USD,Sample description 142
143,SKU-00143,Tools Item 143,tools,412.19,USD,Sample description 143
144,SKU-00144,Electronics Item 144,electronics,464.51,USD,Sample description 144
145,SKU-00145,Outdoors Item 145,outdoors,155.48,USD,Sample description 145
146,SKU-00146,Outdoors Item 146,outdoors,97.63,USD,Sample description 146
147,SKU-00147,Tools Item 147,tools,282.9,USD,Sample description 147
148,SKU-00148,Tools Item 148,tools,81.41,USD,Sample description 148
149,SKU-00149,Electronics Item 149,electronics,494.31,USD,Sample description 149
150,SKU-00150,Kitchen Item 150,kitchen,124.33,USD,Sample description 150
151,SKU-00151,Outdoors Item 151,outdoors,138.74,USD,Sample description 151
152,SKU-00152,Tools Item 152,tools,499.76,USD,Sample description 152
153,SKU-00153,Books Item 153,books,368.54,USD,Sample description 153
154,SKU-00154,Electronics Item 154,electronics,431.96,USD,Sample description 154
155,SKU-00155,Toys Item 155,toys,254.0,USD,Sample description 155
156,SKU-00156,Kitchen Item 156,kitchen,63.59,USD,Sample description 156
157,SKU-00157,Toys Item 157,toys,322.95,USD,Sample description 157
158,SKU-00158,Electronics Item 158,electronics,461.96,USD,Sample description 158
159,SKU-00159,Tools Item 159,tools,371.85,USD,Sample description 159
160,SKU-00160,Kitchen Item 160,kitchen,267.82,USD,Sample description 160
161,SKU-00161,Toys Item 161,toys,228.65,USD,Sample description 161
162,SKU-00162,Toys Item 162,toys,45.7,USD,Sample description 162
163,SKU-00163,Kitchen Item 163,kitchen,369.26,USD,Sample description 163
164,SKU-00164,Books Item 164,books,42.63,USD,Sample description 164
165,SKU-00165,Toys Item 165,toys,470.43,USD,Sample description 165
166,SKU-00166,Outdoors Item 166,outdoors,186.8,USD,Sample description 166
167,SKU-00167,Electronics Item 167,electronics,383.58,USD,Sample description 167
168,SKU-00168,Fitness Item 168,fitness,356.41,USD,Sample description 168
169,SKU-00169,Toys Item 169,toys,137.71,USD,Sample description 169
170,SKU-00170,Tools Item 170,tools,21.62,USD,Sample description 170
171,SKU-00171,Kitchen Item 171,kitchen,54.3,USD,Sample description 171
172,SKU-00172,Electronics Item 172,electronics,280.25,USD,Sample description 172
173,SKU-00173,Books Item 173,books,163.05,USD,Sample description 173
174,SKU-00174,Fitness Item 174,fitness,425.38,USD,Sample description 174
175,SKU-00175,Outdoors Item 175,outdoors,65.45,USD,Sample description 175
176,SKU-00176,Office Item 176,office,15.47,USD,Sample description 176
177,SKU-00177,Electronics Item 177,electronics,390.98,USD,Sample description 177
178,SKU-00178,Books Item 178,books,90.42,USD,Sample description 178
179,SKU-00179,Fitness Item 179,fitness,25.95,USD,Sample description 179
180,SKU-00180,Books Item 180,books,60.05,USD,Sample description 180
181,SKU-00181,Outdoors Item 181,outdoors,262.33,USD,Sample description 181
182,SKU-00182,Fitness Item 182,fitness,374.66,USD,Sample description 182
183,SKU-00183,Tools Item 183,tools,350.62,USD,Sample description 183
184,SKU-00184,Fitness Item 184,fitness,341.99,USD,Sample description 184
185,SKU-00185,Outdoors Item 185,outdoors,62.46,USD,Sample description 185
186,SKU-00186,Outdoors Item 186,outdoors,214.24,USD,Sample description 186
187,SKU-00187,Tools Item 187,tools,206.33,USD,Sample description 187
188,SKU-00188,Outdoors Item 188,outdoors,133.75,USD,Sample description 188
189,SKU-00189,Tools Item 189,tools,136.84,USD,Sample description 189
190,SKU-00190,Books Item 190,books,486.91,USD,Sample description 190
191,SKU-00191,Toys Item 191,toys,99.4,USD,Sample description 191
192,SKU-00192,Kitchen Item 192,kitchen,285.48,USD,Sample description 192
193,SKU-00193,Tools Item 193,tools,139.08,USD,Sample description 193
194,SKU-00194,Fitness Item 194,fitness,328.45,USD,Sample description 194
195,SKU-00195,Tools Item 195,tools,120.31,USD,Sample description 195
196,SKU-00196,Outdoors Item 196,outdoors,323.29,USD,Sample description 196
197,SKU-00197,Books Item 197,books,455.14,USD,Sample description 197
198,SKU-00198,Tools Item 198,tools,325.61,USD,Sample description 198
199,SKU-00199,Books Item 199,books,182.65,USD,Sample description 199
200,SKU-00200,Office Item 200,office,372.88,USD,Sample description 200
201,SKU-00201,Office Item 201,office,227.47,USD,Sample description 201
202,SKU-00202,Tools Item 202,tools,431.39,USD,Sample description 202
203,SKU-00203,Tools Item 203,tools,224.32,USD,Sample description 203
204,SKU-00204,Toys Item 204,toys,160.67,USD,Sample description 204
205,SKU-00205,Office Item 205,office,188.05,USD,Sample description 205
206,SKU-00206,Outdoors Item 206,outdoors,407.18,USD,Sample description 206
207,SKU-00207,Electronics Item 207,electronics,339.79,USD,Sample description 207
208,SKU-00208,Books Item 208,books,177.5,USD,Sample description 208
209,SKU-00209,Kitchen Item 209,kitchen,36.31,USD,Sample description 209
210,SKU-00210,Toys Item 210,toys,235.09,USD,Sample description 210
211,SKU-00211,Toys Item 211,toys,299.28,USD,Sample description 211
212,SKU-00212,Electronics Item 212,electronics,410.57,USD,Sample description 212
213,SKU-00213,Toys Item 213,toys,283.7,USD,Sample description 213
214,SKU-00214,Books Item 214,books,213.83,USD,Sample description 214
215,SKU-00215,Books Item 215,books,89.51,USD,Sample description 215
216,SKU-00216,Electronics Item 216,electronics,380.5,USD,Sample description 216
217,SKU-00217,Books Item 217,books,191.72,USD,Sample description 217
218,SKU-00218,Electronics Item 218,electronics,154.09,USD,Sample description 218
219,SKU-00219,Office Item 219,office,98.99,USD,Sample description 219
220,SKU-00220,Toys Item 220,toys,126.11,USD,Sample description 220
221,SKU-00221,Books Item 221,books,297.4,USD,Sample description 221
222,SKU-00222,Tools Item 222,tools,79.35,USD,Sample description 222
223,SKU-00223,Fitness Item 223,fitness,413.2,USD,Sample description 223
224,SKU-00224,Outdoors Item 224,outdoors,140.75,USD,Sample description 224
225,SKU-00225,Toys Item 225,toys,497.78,USD,Sample description 225
226,SKU-00226,Kitchen Item 226,kitchen,495.6,USD,Sample description 226
227,SKU-00227,Outdoors Item 227,outdoors,292.22,USD,Sample description 227
228,SKU-00228,Tools Item 228,tools,22.48,USD,Sample description 228
229,SKU-00229,Outdoors Item 229,outdoors,350.38,USD,Sample description 229
230,SKU-00230,Books Item 230,books,324.78,USD,Sample description 230
231,SKU-00231,Electronics Item 231,electronics,215.38,USD,Sample description 231
232,SKU-00232,Toys Item 232,toys,68.17,USD,Sample description 232
233,SKU-00233,Tools Item 233,tools,254.02,USD,Sample description 233
234,SKU-00234,Books Item 234,books,140.17,USD,Sample description 234
235,SKU-00235,Fitness Item 235,fitness,88.2,USD,Sample description 235
236,SKU-00236,Fitness Item 236,fitness,467.86,USD,Sample description 236
237,SKU-00237,Electronics Item 237,electronics,376.95,USD,Sample description 237
238,SKU-00238,Kitchen Item 238,kitchen,175.1,USD,Sample description 238
239,SKU-00239,Tools Item 239,tools,417.72,USD,Sample description 239
240,SKU-00240,Tools Item 240,tools,141.43,USD,Sample description 240
241,SKU-00241,Electronics Item 241,electronics,39.56,USD,Sample description 241
242,SKU-00242,Outdoors Item 242,outdoors,146.14,USD,Sample description 242
243,SKU-00243,Office Item 243,office,94.08,USD,Sample description 243
244,SKU-00244,Electronics Item 244,electronics,465.37,USD,Sample description 244
245,SKU-00245,Toys Item 245,toys,429.42,USD,Sample description 245
246,SKU-00246,Office Item 246,office,77.81,USD,Sample description 246
247,SKU-00247,Fitness Item 247,fitness,337.05,USD,Sample description 247
248,SKU-00248,Electronics Item 248,electronics,64.08,USD,Sample description 248
249,SKU-00249,Electronics Item 249,electronics,168.53,USD,Sample description 249
250,SKU-00250,Books Item 250,books,412.67,USD,Sample description 250
251,SKU-00251,Office Item 251,office,33.05,USD,Sample description 251
252,SKU-00252,Office Item 252,office,455.53,USD,Sample description 252
253,SKU-00253,Fitness Item 253,fitness,91.14,USD,Sample description 253
254,SKU-00254,Office Item 254,office,485.74,USD,Sample description 254
255,SKU-00255,Tools Item 255,tools,485.58,USD,Sample description 255
256,SKU-00256,Tools Item 256,tools,492.44,USD,Sample description 256
257,SKU-00257,Outdoors Item 257,outdoors,104.89,USD,Sample description 257
258,SKU-00258,Outdoors Item 258,outdoors,137.43,USD,Sample description 258
259,SKU-00259,Office Item 259,office,459.68,USD,Sample description 259
260,SKU-00260,Tools Item 260,tools,429.25,USD,Sample description 260
261,SKU-00261,Fitness Item 261,fitness,278.2,USD,Sample description 261
262,SKU-00262,Kitchen Item 262,kitchen,364.04,USD,Sample description 262
263,SKU-00263,Books Item 263,books,486.82,USD,Sample description 263
264,SKU-00264,Outdoors Item 264,outdoors,478.55,USD,Sample description 264
265,SKU-00265,Kitchen Item 265,kitchen,216.35,USD,Sample description 265
266,SKU-00266,Electronics Item 266,electronics,258.74,USD,Sample description 266
267,SKU-00267,Electronics Item 267,electronics,193.67,USD,Sample description 267
268,SKU-00268,Electronics Item 268,electronics,52.61,USD,Sample description 268
269,SKU-00269,Fitness Item 269,fitness,297.25,USD,Sample description 269
270,SKU-00270,Outdoors Item 270,outdoors,430.22,USD,Sample description 270
271,SKU-00271,Outdoors Item 271,outdoors,181.95,USD,Sample description 271
272,SKU-00272,Books Item 272,books,83.11,USD,Sample description 272
273,SKU-00273,Fitness Item 273,fitness,93.01,USD,Sample description 273
274,SKU-00274,Tools Item 274,tools,295.74,USD,Sample description 274
275,SKU-00275,Books Item 275,books,443.85,USD,Sample description 275
276,SKU-00276,Fitness Item 276,fitness,234.2,USD,Sample description 276
277,SKU-00277,Outdoors Item 277,outdoors,177.1,USD,Sample description 277
278,SKU-00278,Outdoors Item 278,outdoors,227.84,USD,Sample description 278
279,SKU-00279,Kitchen Item 279,kitchen,249.12,USD,Sample description 279
280,SKU-00280,Fitness Item 280,fitness,392.87,USD,Sample description 280
281,SKU-00281,Tools Item 281,tools,340.6,USD,Sample description 281
282,SKU-00282,Fitness Item 282,fitness,449.35,USD,Sample description 282
283,SKU-00283,Fitness Item 283,fitness,152.95,USD,Sample description 283
284,SKU-00284,Outdoors Item 284,outdoors,283.54,USD,Sample description 284
285,SKU-00285,Office Item 285,office,95.08,USD,Sample description 285
286,SKU-00286,Office Item 286,office,260.77,USD,Sample description 286
287,SKU-00287,Electronics Item 287,electronics,445.85,USD,Sample description 287
288,SKU-00288,Outdoors Item 288,outdoors,459.59,USD,Sample description 288
289,SKU-00289,Books Item 289,books,219.24,USD,Sample description 289
290,SKU-00290,Office Item 290,office,427.72,USD,Sample description 290
291,SKU-00291,Toys Item 291,toys,29.93,USD,Sample description 291
292,SKU-00292,Kitchen Item 292,kitchen,44.99,USD,Sample description 292
293,SKU-00293,Office Item 293,office,201.08,USD,Sample description 293
294,SKU-00294,Electronics Item 294,electronics,34.87,USD,Sample description 294
295,SKU-00295,Tools Item 295,tools,172.48,USD,Sample description 295
296,SKU-00296,Electronics Item 296,electronics,451.5,USD,Sample description 296
297,SKU-00297,Books Item 297,books,404.19,USD,Sample description 297
298,SKU-00298,Office Item 298,office,382.42,USD,Sample description 298
299,SKU-00299,Fitness Item 299,fitness,368.56,USD,Sample description 299
300,SKU-00300,Tools Item 300,tools,399.67,USD,Sample description 300
301,SKU-00301,Toys Item 301,toys,431.51,USD,Sample description 301
302,SKU-00302,Office Item 302,office,167.4,USD,Sample description 302
303,SKU-00303,Kitchen Item 303,kitchen,218.88,USD,Sample description 303
304,SKU-00304,Office Item 304,office,349.87,USD,Sample description 304
305,SKU-00305,Books Item 305,books,460.15,USD,Sample description 305
306,SKU-00306,Toys Item 306,toys,179.62,USD,Sample description 306
307,SKU-00307,Kitchen Item 307,kitchen,201.6,USD,Sample description 307
308,SKU-00308,Kitchen Item 308,kitchen,62.58,USD,Sample description 308
309,SKU-00309,Fitness Item 309,fitness,176.59,USD,Sample description 309
310,SKU-00310,Outdoors Item 310,outdoors,10.5,USD,Sample description 310
311,SKU-00311,Kitchen Item 311,kitchen,379.24,USD,Sample description 311
312,SKU-00312,Electronics Item 312,electronics,68.67,USD,Sample description 312
313,SKU-00313,Toys Item 313,toys,49.39,USD,Sample description 313
314,SKU-00314,Electronics Item 314,electronics,68.34,USD,Sample description 314
315,SKU-00315,Books Item 315,books,81.93,USD,Sample description 315
316,SKU-00316,Kitchen Item 316,kitchen,494.03,USD,Sample description 316
317,SKU-00317,Office Item 317,office,224.88,USD,Sample description 317
318,SKU-00318,Books Item 318,books,226.86,USD,Sample description 318
319,SKU-00319,Kitchen Item 319,kitchen,390.55,USD,Sample description 319
320,SKU-00320,Office Item 320,office,435.32,USD,Sample description 320
321,SKU-00321,Tools Item 321,tools,68.91,USD,Sample description 321
322,SKU-00322,Kitchen Item 322,kitchen,313.5,USD,Sample description 322
323,SKU-00323,Fitness Item 323,fitness,423.14,USD,Sample description 323
324,SKU-00324,Tools Item 324,tools,379.93,USD,Sample description 324
325,SKU-00325,Office Item 325,office,170.01,USD,Sample description 325
326,SKU-00326,Fitness Item 326,fitness,394.51,USD,Sample description 326
327,SKU-00327,Electronics Item 327,electronics,169.79,USD,Sample description 327
328,SKU-00328,Books Item 328,books,164.14,USD,Sample description 328
329,SKU-00329,Office Item 329,office,285.46,USD,Sample description 329
330,SKU-00330,Toys Item 330,toys,143.23,USD,Sample description 330
331,SKU-00331,Electronics Item 331,electronics,385.41,USD,Sample description 331
332,SKU-00332,Outdoors Item 332,outdoors,77.07,USD,Sample description 332
333,SKU-00333,Toys Item 333,toys,343.87,USD,Sample description 333
334,SKU-00334,Fitness Item 334,fitness,438.25,USD,Sample description 334
335,SKU-00335,Books Item 335,books,77.47,USD,Sample description 335
336,SKU-00336,Kitchen Item 336,kitchen,106.25,USD,Sample description 336
337,SKU-00337,Toys Item 337,toys,235.27,USD,Sample description 337
338,SKU-00338,Electronics Item 338,electronics,499.26,USD,Sample description 338
339,SKU-00339,Fitness Item 339,fitness,431.5,USD,Sample description 339
340,SKU-00340,Fitness Item 340,fitness,110.21,USD,Sample description 340
341,SKU-00341,Kitchen Item 341,kitchen,181.48,USD,Sample description 341
342,SKU-00342,Toys Item 342,toys,87.24,USD,Sample description 342
343,SKU-00343,Electronics Item 343,electronics,426.71,USD,Sample description 343
344,SKU-00344,Kitchen Item 344,kitchen,289.02,USD,Sample description 344
345,SKU-00345,Tools Item 345,tools,433.5,USD,Sample description 345
346,SKU-00346,Office Item 346,office,99.57,USD,Sample description 346
347,SKU-00347,Kitchen Item 347,kitchen,350.91,USD,Sample description 347
348,SKU-00348,Electronics Item 348,electronics,419.58,USD,Sample description 348
349,SKU-00349,Toys Item 349,toys,364.82,USD,Sample description 349
350,SKU-00350,Toys Item 350,toys,469.53,USD,Sample description 350
351,SKU-00351,Office Item 351,office,210.14,USD,Sample description 351
352,SKU-00352,Books Item 352,books,185.02,USD,Sample description 352
353,SKU-00353,Fitness Item 353,fitness,224.67,USD,Sample description 353
354,SKU-00354,Toys Item 354,toys,324.46,USD,Sample description 354
355,SKU-00355,Tools Item 355,tools,237.85,USD,Sample description 355
356,SKU-00356,Tools Item 356,tools,109.95,USD,Sample description 356
357,SKU-00357,Toys Item 357,toys,242.66,USD,Sample description 357
358,SKU-00358,Office Item 358,office,410.78,USD,Sample description 358
359,SKU-00359,Office Item 359,office,458.73,USD,Sample description 359
360,SKU-00360,Toys Item 360,toys,238.85,USD,Sample description 360
361,SKU-00361,Kitchen Item 361,kitchen,86.09,USD,Sample description 361
362,SKU-00362,Tools Item 362,tools,8.24,USD,Sample description 362
363,SKU-00363,Outdoors Item 363,outdoors,454.2,USD,Sample description 363
364,SKU-00364,Toys Item 364,toys,326.55,USD,Sample description 364
365,SKU-00365,Outdoors Item 365,outdoors,241.53,USD,Sample description 365
366,SKU-00366,Outdoors Item 366,outdoors,286.82,USD,Sample description 366
367,SKU-00367,Kitchen Item 367,kitchen,368.35,USD,Sample description 367
368,SKU-00368,Fitness Item 368,fitness,390.81,USD,Sample description 368
369,SKU-00369,Office Item 369,office,12.71,USD,Sample description 369
370,SKU-00370,Books Item 370,books,95.7,USD,Sample description 370
371,SKU-00371,Kitchen Item 371,kitchen,388.91,USD,Sample description 371
372,SKU-00372,Fitness Item 372,fitness,55.13,USD,Sample description 372
373,SKU-00373,Tools Item 373,tools,340.78,USD,Sample description 373
374,SKU-00374,Tools Item 374,tools,275.08,USD,Sample description 374
375,SKU-00375,Electronics Item 375,electronics,207.04,USD,Sample description 375
376,SKU-00376,Tools Item 376,tools,93.3,USD,Sample description 376
377,SKU-00377,Office Item 377,office,431.05,USD,Sample description 377
378,SKU-00378,Toys Item 378,toys,461.8,USD,Sample description 378
379,SKU-00379,Office Item 379,office,317.64,USD,Sample description 379
380,SKU-00380,Toys Item 380,toys,470.37,USD,Sample description 380
381,SKU-00381,Toys Item 381,toys,274.87,USD,Sample description 381
382,SKU-00382,Outdoors Item 382,outdoors,194.54,USD,Sample description 382
383,SKU-00383,Outdoors Item 383,outdoors,283.17,USD,Sample description 383
384,SKU-00384,Electronics Item 384,electronics,226.23,USD,Sample description 384
385,SKU-00385,Tools Item 385,tools,323.5,USD,Sample description 385
386,SKU-00386,Fitness Item 386,fitness,364.71,USD,Sample description 386
387,SKU-00387,Toys Item 387,toys,127.76,USD,Sample description 387
388,SKU-00388,Office Item 388,office,182.84,USD,Sample description 388
389,SKU-00389,Fitness Item 389,fitness,350.25,USD,Sample description 389
390,SKU-00390,Office Item 390,office,438.22,USD,Sample description 390
391,SKU-00391,Electronics Item 391,electronics,161.84,USD,Sample description 391
392,SKU-00392,Electronics Item 392,electronics,232.48,USD,Sample description 392
393,SKU-00393,Tools Item 393,tools,422.52,USD,Sample description 393
394,SKU-00394,Outdoors Item 394,outdoors,322.09,USD,Sample description 394
395,SKU-00395,Tools Item 395,tools,260.26,USD,Sample description 395
396,SKU-00396,Toys Item 396,toys,351.91,USD,Sample description 396
397,SKU-00397,Books Item 397,books,273.53,USD,Sample description 397
398,SKU-00398,Outdoors Item 398,outdoors,488.91,USD,Sample description 398
399,SKU-00399,Kitchen Item 399,kitchen,412.71,USD,Sample description 399
400,SKU-00400,Toys Item 400,toys,413.92,USD,Sample description 400
401,SKU-00401,Fitness Item 401,fitness,93.11,USD,Sample description 401
402,SKU-00402,Fitness Item 402,fitness,107.41,USD,Sample description 402
403,SKU-00403,Kitchen Item 403,kitchen,333.91,USD,Sample description 403
404,SKU-00404,Kitchen Item 404,kitchen,358.31,USD,Sample description 404
405,SKU-00405,Fitness Item 405,fitness,484.1,USD,Sample description 405
406,SKU-00406,Office Item 406,office,368.05,USD,Sample description 406
407,SKU-00407,Electronics Item 407,electronics,89.47,USD,Sample description 407
408,SKU-00408,Outdoors Item 408,outdoors,377.64,USD,Sample description 408
409,SKU-00409,Kitchen Item 409,kitchen,74.07,USD,Sample description 409
410,SKU-00410,Electronics Item 410,electronics,454.2,USD,Sample description 410
411,SKU-00411,Books Item 411,books,421.07,USD,Sample description 411
412,SKU-00412,Electronics Item 412,electronics,115.97,USD,Sample description 412
413,SKU-00413,Office Item 413,office,425.81,USD,Sample description 413
414,SKU-00414,Toys Item 414,toys,292.62,USD,Sample description 414
415,SKU-00415,Outdoors Item 415,outdoors,165.99,USD,Sample description 415
416,SKU-00416,Fitness Item 416,fitness,490.82,USD,Sample description 416
417,SKU-00417,Kitchen Item 417,kitchen,383.29,USD,Sample description 417
418,SKU-00418,Office Item 418,office,479.66,USD,Sample description 418
419,SKU-00419,Kitchen Item 419,kitchen,58.87,USD,Sample description 419
420,SKU-00420,Kitchen Item 420,kitchen,31.76,USD,Sample description 420
421,SKU-00421,Office Item 421,office,462.45,USD,Sample description 421
422,SKU-00422,Tools Item 422,tools,378.83,USD,Sample description 422
423,SKU-00423,Office Item 423,office,35.4,USD,Sample description 423
424,SKU-00424,Tools Item 424,tools,427.11,USD,Sample description 424
425,SKU-00425,Fitness Item 425,fitness,179.83,USD,Sample description 425
426,SKU-00426,Office Item 426,office,462.25,USD,Sample description 426
427,SKU-00427,Outdoors Item 427,outdoors,460.64,USD,Sample description 427
428,SKU-00428,Office Item 428,office,280.05,USD,Sample description 428
429,SKU-00429,Office Item 429,office,13.66,USD,Sample description 429
430,SKU-00430,Office Item 430,office,321.58,USD,Sample description 430
431,SKU-00431,Tools Item 431,tools,156.18,USD,Sample description 431
432,SKU-00432,Kitchen Item 432,kitchen,417.15,USD,Sample description 432
433,SKU-00433,Electronics Item 433,electronics,385.58,USD,Sample description 433
434,SKU-00434,Kitchen Item 434,kitchen,374.78,USD,Sample description 434
435,SKU-00435,Books Item 435,books,426.02,USD,Sample description 435
436,SKU-00436,Toys Item 436,toys,141.22,USD,Sample description 436
437,SKU-00437,Tools Item 437,tools,378.04,USD,Sample description 437
438,SKU-00438,Office Item 438,office,230.42,USD,Sample description 438
439,SKU-00439,Outdoors Item 439,outdoors,265.67,USD,Sample description 439
440,SKU-00440,Toys Item 440,toys,123.68,USD,Sample description 440
441,SKU-00441,Electronics Item 441,electronics,249.08,USD,Sample description 441
442,SKU-00442,Office Item 442,office,369.88,USD,Sample description 442
443,SKU-00443,Toys Item 443,toys,346.37,USD,Sample description 443
444,SKU-00444,Tools Item 444,tools,116.06,USD,Sample description 444
445,SKU-00445,Electronics Item 445,electronics,122.28,USD,Sample description 445
446,SKU-00446,Toys Item 446,toys,465.77,USD,Sample description 446
447,SKU-00447,Tools Item 447,tools,441.04,USD,Sample description 447
448,SKU-00448,Tools Item 448,tools,90.85,USD,Sample description 448
449,SKU-00449,Office Item 449,office,453.71,USD,Sample description 449
450,SKU-00450,Outdoors Item 450,outdoors,248.92,USD,Sample description 450
451,SKU-00451,Tools Item 451,tools,229.89,USD,Sample description 451
452,SKU-00452,Tools Item 452,tools,76.17,USD,Sample description 452
453,SKU-00453,Tools Item 453,tools,185.95,USD,Sample description 453
454,SKU-00454,Kitchen Item 454,kitchen,175.38,USD,Sample description 454
455,SKU-00455,Kitchen Item 455,kitchen,65.02,USD,Sample description 455
456,SKU-00456,Outdoors Item 456,outdoors,91.1,USD,Sample description 456
457,SKU-00457,Books Item 457,books,125.73,USD,Sample description 457
458,SKU-00458,Kitchen Item 458,kitchen,60.33,USD,Sample description 458
459,SKU-00459,Toys Item 459,toys,498.33,USD,Sample description 459
460,SKU-00460,Books Item 460,books,144.38,USD,Sample description 460
461,SKU-00461,Office Item 461,office,392.86,USD,Sample description 461
462,SKU-00462,Toys Item 462,toys,458.77,USD,Sample description 462
463,SKU-00463,Tools Item 463,tools,494.76,USD,Sample description 463
464,SKU-00464,Books Item 464,books,467.95,USD,Sample description 464
465,SKU-00465,Office Item 465,office,85.33,USD,Sample description 465
466,SKU-00466,Office Item 466,office,12.92,USD,Sample description 466
467,SKU-00467,Fitness Item 467,fitness,404.26,USD,Sample description 467
468,SKU-00468,Tools Item 468,tools,172.76,USD,Sample description 468
469,SKU-00469,Outdoors Item 469,outdoors,104.41,USD,Sample description 469
470,SKU-00470,Books Item 470,books,148.45,USD,Sample description 470
471,SKU-00471,Outdoors Item 471,outdoors,194.42,USD,Sample description 471
472,SKU-00472,Toys Item 472,toys,26.27,USD,Sample description 472
473,SKU-00473,Fitness Item 473,fitness,415.92,USD,Sample description 473
474,SKU-00474,Toys Item 474,toys,283.35,USD,Sample description 474
475,SKU-00475,Electronics Item 475,electronics,451.13,USD,Sample description 475
476,SKU-00476,Fitness Item 476,fitness,156.63,USD,Sample description 476
477,SKU-00477,Toys Item 477,toys,409.5,USD,Sample description 477
478,SKU-00478,Books Item 478,books,479.92,USD,Sample description 478
479,SKU-00479,Office Item 479,office,264.8,USD,Sample description 479
480,SKU-00480,Fitness Item 480,fitness,263.36,USD,Sample description 480
481,SKU-00481,Books Item 481,books,195.49,USD,Sample description 481
482,SKU-00482,Books Item 482,books,25.56,USD,Sample description 482
483,SKU-00483,Kitchen Item 483,kitchen,130.87,USD,Sample description 483
484,SKU-00484,Electronics Item 484,electronics,440.33,USD,Sample description 484
485,SKU-00485,Electronics Item 485,electronics,295.51,USD,Sample description 485
486,SKU-00486,Tools Item 486,tools,484.95,USD,Sample description 486
487,SKU-00487,Office Item 487,office,95.73,USD,Sample description 487
488,SKU-00488,Office Item 488,office,436.67,USD,Sample description 488
489,SKU-00489,Outdoors Item 489,outdoors,480.26,USD,Sample description 489
490,SKU-00490,Office Item 490,office,67.26,USD,Sample description 490
491,SKU-00491,Electronics Item 491,electronics,110.76,USD,Sample description 491
492,SKU-00492,Outdoors Item 492,outdoors,216.28,USD,Sample description 492
493,SKU-00493,Kitchen Item 493,kitchen,197.98,USD,Sample description 493
494,SKU-00494,Fitness Item 494,fitness,269.8,USD,Sample description 494
495,SKU-00495,Toys Item 495,toys,144.81,USD,Sample description 495
496,SKU-00496,Toys Item 496,toys,183.6,USD,Sample description 496
497,SKU-00497,Toys Item 497,toys,272.48,USD,Sample description 497
498,SKU-00498,Outdoors Item 498,outdoors,107.81,USD,Sample description 498
499,SKU-00499,Kitchen Item 499,kitchen,106.56,USD,Sample description 499
500,SKU-00500,Office Item 500,office,159.41,USD,Sample description 500
501,SKU-00501,Outdoors Item 501,outdoors,95.16,USD,Sample description 501
502,SKU-00502,Books Item 502,books,45.63,USD,Sample description 502
503,SKU-00503,Toys Item 503,toys,290.25,USD,Sample description 503
504,SKU-00504,Books Item 504,books,330.26,USD,Sample description 504
505,SKU-00505,Fitness Item 505,fitness,334.72,USD,Sample description 505
506,SKU-00506,Office Item 506,office,32.58,USD,Sample description 506
507,SKU-00507,Office Item 507,office,449.48,USD,Sample description 507
508,SKU-00508,Books Item 508,books,35.7,USD,Sample description 508
509,SKU-00509,Toys Item 509,toys,409.32,USD,Sample description 509
510,SKU-00510,Electronics Item 510,electronics,44.25,USD,Sample description 510
511,SKU-00511,Books Item 511,books,343.37,USD,Sample description 511
512,SKU-00512,Fitness Item 512,fitness,330.79,USD,Sample description 512
513,SKU-00513,Fitness Item 513,fitness,68.33,USD,Sample description 513
514,SKU-00514,Outdoors Item 514,outdoors,429.14,USD,Sample description 514
515,SKU-00515,Kitchen Item 515,kitchen,345.93,USD,Sample description 515
516,SKU-00516,Tools Item 516,tools,288.64,USD,Sample description 516
517,SKU-00517,Office Item 517,office,219.43,USD,Sample description 517
518,SKU-00518,Outdoors Item 518,outdoors,399.71,USD,Sample description 518
519,SKU-00519,Outdoors Item 519,outdoors,21.06,USD,Sample description 519
520,SKU-00520,Electronics Item 520,electronics,140.54,USD,Sample description 520
521,SKU-00521,Fitness Item 521,fitness,100.98,USD,Sample description 521
522,SKU-00522,Toys Item 522,toys,455.3,USD,Sample description 522
523,SKU-00523,Tools Item 523,tools,434.35,USD,Sample description 523
524,SKU-00524,Outdoors Item 524,outdoors,249.31,USD,Sample description 524
525,SKU-00525,Books Item 525,books,365.19,USD,Sample description 525
526,SKU-00526,Electronics Item 526,electronics,239.03,USD,Sample description 526
527,SKU-00527,Electronics Item 527,electronics,104.63,USD,Sample description 527
528,SKU-00528,Office Item 528,office,173.37,USD,Sample description 528
529,SKU-00529,Office Item 529,office,354.13,USD,Sample description 529
530,SKU-00530,Books Item 530,books,205.02,USD,Sample description 530
531,SKU-00531,Toys Item 531,toys,362.11,USD,Sample description 531
532,SKU-00532,Fitness Item 532,fitness,273.77,USD,Sample description 532
533,SKU-00533,Kitchen Item 533,kitchen,429.6,USD,Sample description 533
534,SKU-00534,Outdoors Item 534,outdoors,338.26,USD,Sample description 534
535,SKU-00535,Tools Item 535,tools,117.07,USD,Sample description 535
536,SKU-00536,Office Item 536,office,38.9,USD,Sample description 536
537,SKU-00537,Office Item 537,office,292.44,USD,Sample description 537
538,SKU-00538,Outdoors Item 538,outdoors,287.51,USD,Sample description 538
539,SKU-00539,Electronics Item 539,electronics,280.13,USD,Sample description 539
540,SKU-00540,Toys Item 540,toys,23.85,USD,Sample description 540
541,SKU-00541,Office Item 541,office,266.24,USD,Sample description 541
542,SKU-00542,Toys Item 542,toys,180.0,USD,Sample description 542
543,SKU-00543,Office Item 543,office,113.68,USD,Sample description 543
544,SKU-00544,Toys Item 544,toys,212.43,USD,Sample description 544
545,SKU-00545,Office Item 545,office,311.21,USD,Sample description 545
546,SKU-00546,Books Item 546,books,75.21,USD,Sample description 546
547,SKU-00547,Outdoors Item 547,outdoors,244.86,USD,Sample description 547
548,SKU-00548,Kitchen Item 548,kitchen,494.47,USD,Sample description 548
549,SKU-00549,Fitness Item 549,fitness,249.15,USD,Sample description 549
550,SKU-00550,Outdoors Item 550,outdoors,412.8,USD,Sample description 550
551,SKU-00551,Tools Item 551,tools,377.8,USD,Sample description 551
552,SKU-00552,Outdoors Item 552,outdoors,259.26,USD,Sample description 552
553,SKU-00553,Office Item 553,office,413.5,USD,Sample description 553
554,SKU-00554,Electronics Item 554,electronics,362.54,USD,Sample description 554
555,SKU-00555,Toys Item 555,toys,352.5,USD,Sample description 555
556,SKU-00556,Electronics Item 556,electronics,401.98,USD,Sample description 556
557,SKU-00557,Fitness Item 557,fitness,377.7,USD,Sample description 557
558,SKU-00558,Office Item 558,office,338.91,USD,Sample description 558
559,SKU-00559,Books Item 559,books,398.9,USD,Sample description 559
560,SKU-00560,Kitchen Item 560,kitchen,446.48,USD,Sample description 560
561,SKU-00561,Office Item 561,office,431.07,USD,Sample description 561
562,SKU-00562,Kitchen Item 562,kitchen,51.89,USD,Sample description 562
563,SKU-00563,Fitness Item 563,fitness,230.29,USD,Sample description 563
564,SKU-00564,Tools Item 564,tools,257.89,USD,Sample description 564
565,SKU-00565,Outdoors Item 565,outdoors,446.68,USD,Sample description 565
566,SKU-00566,Toys Item 566,toys,437.65,USD,Sample description 566
567,SKU-00567,Fitness Item 567,fitness,291.78,USD,Sample description 567
568,SKU-00568,Books Item 568,books,380.05,USD,Sample description 568
569,SKU-00569,Kitchen Item 569,kitchen,430.36,USD,Sample description 569
570,SKU-00570,Toys Item 570,toys,12.5,USD,Sample description 570
571,SKU-00571,Office Item 571,office,123.44,USD,Sample description 571
572,SKU-00572,Tools Item 572,tools,383.06,USD,Sample description 572
573,SKU-00573,Fitness Item 573,fitness,435.37,USD,Sample description 573
574,SKU-00574,Electronics Item 574,electronics,446.75,USD,Sample description 574
575,SKU-00575,Office Item 575,office,426.57,USD,Sample description 575
576,SKU-00576,Fitness Item 576,fitness,68.04,USD,Sample description 576
577,SKU-00577,Toys Item 577,toys,481.65,USD,Sample description 577
578,SKU-00578,Books Item 578,books,108.11,USD,Sample description 578
579,SKU-00579,Toys Item 579,toys,193.03,USD,Sample description 579
580,SKU-00580,Office Item 580,office,254.23,USD,Sample description 580
581,SKU-00581,Office Item 581,office,157.14,USD,Sample description 581
582,SKU-00582,Office Item 582,office,52.65,USD,Sample description 582
583,SKU-00583,Outdoors Item 583,outdoors,392.61,USD,Sample description 583
584,SKU-00584,Fitness Item 584,fitness,210.97,USD,Sample description 584
585,SKU-00585,Kitchen Item 585,kitchen,199.6,USD,Sample description 585
586,SKU-00586,Books Item 586,books,404.62,USD,Sample description 586
587,SKU-00587,Fitness Item 587,fitness,102.75,USD,Sample description 587
588,SKU-00588,Electronics Item 588,electronics,285.74,USD,Sample description 588
589,SKU-00589,Fitness Item 589,fitness,153.1,USD,Sample description 589
590,SKU-00590,Kitchen Item 590,kitchen,425.77,USD,Sample description 590
591,SKU-00591,Books Item 591,books,98.02,USD,Sample description 591
592,SKU-00592,Tools Item 592,tools,343.63,USD,Sample description 592
593,SKU-00593,Office Item 593,office,370.87,USD,Sample description 593
594,SKU-00594,Kitchen Item 594,kitchen,180.72,USD,Sample description 594
595,SKU-00595,Outdoors Item 595,outdoors,347.01,USD,Sample description 595
596,SKU-00596,Books Item 596,books,462.21,USD,Sample description 596
597,SKU-00597,Fitness Item 597,fitness,266.14,USD,Sample description 597
598,SKU-00598,Electronics Item 598,electronics,46.12,USD,Sample description 598
599,SKU-00599,Kitchen Item 599,kitchen,270.53,USD,Sample description 599
600,SKU-00600,Electronics Item 600,electronics,244.61,USD,Sample description 600
601,SKU-00601,Electronics Item 601,electronics,302.11,USD,Sample description 601
602,SKU-00602,Fitness Item 602,fitness,113.85,USD,Sample description 602
603,SKU-00603,Tools Item 603,tools,83.19,USD,Sample description 603
604,SKU-00604,Outdoors Item 604,outdoors,302.68,USD,Sample description 604
605,SKU-00605,Kitchen Item 605,kitchen,250.02,USD,Sample description 605
606,SKU-00606,Tools Item 606,tools,197.49,USD,Sample description 606
607,SKU-00607,Outdoors Item 607,outdoors,42.44,USD,Sample description 607
608,SKU-00608,Outdoors Item 608,outdoors,126.07,USD,Sample description 608
609,SKU-00609,Office Item 609,office,194.52,USD,Sample description 609
610,SKU-00610,Fitness Item 610,fitness,446.99,USD,Sample description 610
611,SKU-00611,Electronics Item 611,electronics,41.24,USD,Sample description 611
612,SKU-00612,Fitness Item 612,fitness,450.17,USD,Sample description 612
613,SKU-00613,Books Item 613,books,206.22,USD,Sample description 613
614,SKU-00614,Toys Item 614,toys,63.97,USD,Sample description 614
615,SKU-00615,Kitchen Item 615,kitchen,169.47,USD,Sample description 615
616,SKU-00616,Books Item 616,books,420.81,USD,Sample description 616
617,SKU-00617,Toys Item 617,toys,14.1,USD,Sample description 617
618,SKU-00618,Electronics Item 618,electronics,274.69,USD,Sample description 618
619,SKU-00619,Outdoors Item 619,outdoors,30.95,USD,Sample description 619
620,SKU-00620,Office Item 620,office,247.51,USD,Sample description 620
621,SKU-00621,Outdoors Item 621,outdoors,26.42,USD,Sample description 621
622,SKU-00622,Office Item 622,office,168.48,USD,Sample description 622
623,SKU-00623,Toys Item 623,toys,120.41,USD,Sample description 623
624,SKU-00624,Office Item 624,office,488.79,USD,Sample description 624
625,SKU-00625,Kitchen Item 625,kitchen,245.33,USD,Sample description 625
626,SKU-00626,Office Item 626,office,136.71,USD,Sample description 626
627,SKU-00627,Electronics Item 627,electronics,273.46,USD,Sample description 627
628,SKU-00628,Office Item 628,office,243.47,USD,Sample description 628
629,SKU-00629,Office Item 629,office,334.38,USD,Sample description 629
630,SKU-00630,Fitness Item 630,fitness,416.91,USD,Sample description 630
631,SKU-00631,Kitchen Item 631,kitchen,362.58,USD,Sample description 631
632,SKU-00632,Tools Item 632,tools,420.55,USD,Sample description 632
633,SKU-00633,Office Item 633,office,401.95,USD,Sample description 633
634,SKU-00634,Toys Item 634,toys,109.91,USD,Sample description 634
635,SKU-00635,Kitchen Item 635,kitchen,103.93,USD,Sample description 635
636,SKU-00636,Toys Item 636,toys,429.67,USD,Sample description 636
637,SKU-00637,Office Item 637,office,263.85,USD,Sample description 637
638,SKU-00638,Tools Item 638,tools,472.29,USD,Sample description 638
639,SKU-00639,Office Item 639,office,380.67,USD,Sample description 639
640,SKU-00640,Outdoors Item 640,outdoors,300.91,USD,Sample description 640
641,SKU-00641,Books Item 641,books,69.58,USD,Sample description 641
642,SKU-00642,Tools Item 642,tools,118.15,USD,Sample description 642
643,SKU-00643,Outdoors Item 643,outdoors,232.7,USD,Sample description 643
644,SKU-00644,Electronics Item 644,electronics,225.67,USD,Sample description 644
645,SKU-00645,Toys Item 645,toys,13.66,USD,Sample description 645
646,SKU-00646,Electronics Item 646,electronics,217.36,USD,Sample description 646
647,SKU-00647,Electronics Item 647,electronics,488.22,USD,Sample description 647
648,SKU-00648,Outdoors Item 648,outdoors,194.43,USD,Sample description 648
649,SKU-00649,Fitness Item 649,fitness,418.47,USD,Sample description 649
650,SKU-00650,Tools Item 650,tools,260.38,USD,Sample description 650
651,SKU-00651,Books Item 651,books,62.4,USD,Sample description 651
652,SKU-00652,Kitchen Item 652,kitchen,340.09,USD,Sample description 652
653,SKU-00653,Toys Item 653,toys,208.96,USD,Sample description 653
654,SKU-00654,Outdoors Item 654,outdoors,111.81,USD,Sample description 654
655,SKU-00655,Kitchen Item 655,kitchen,46.6,USD,Sample description 655
656,SKU-00656,Toys Item 656,toys,78.53,USD,Sample description 656
657,SKU-00657,Office Item 657,office,121.46,USD,Sample description 657
658,SKU-00658,Outdoors Item 658,outdoors,243.21,USD,Sample description 658
659,SKU-00659,Books Item 659,books,226.34,USD,Sample description 659
660,SKU-00660,Kitchen Item 660,kitchen,11.6,USD,Sample description 660
661,SKU-00661,Fitness Item 661,fitness,239.6,USD,Sample description 661
662,SKU-00662,Kitchen Item 662,kitchen,157.35,USD,Sample description 662
663,SKU-00663,Office Item 663,office,195.92,USD,Sample description 663
664,SKU-00664,Electronics Item 664,electronics,427.12,USD,Sample description 664
665,SKU-00665,Outdoors Item 665,outdoors,235.94,USD,Sample description 665
666,SKU-00666,Fitness Item 666,fitness,126.02,USD,Sample description 666
667,SKU-00667,Fitness Item 667,fitness,23.5,USD,Sample description 667
668,SKU-00668,Books Item 668,books,25.26,USD,Sample description 668
669,SKU-00669,Office Item 669,office,207.48,USD,Sample description 669
670,SKU-00670,Toys Item 670,toys,264.99,USD,Sample description 670
671,SKU-00671,Toys Item 671,toys,113.11,USD,Sample description 671
672,SKU-00672,Office Item 672,office,462.96,USD,Sample description 672
673,SKU-00673,Kitchen Item 673,kitchen,369.27,USD,Sample description 673
674,SKU-00674,Books Item 674,books,418.99,USD,Sample description 674
675,SKU-00675,Office Item 675,office,189.16,USD,Sample description 675
676,SKU-00676,Fitness Item 676,fitness,452.79,USD,Sample description 676
677,SKU-00677,Electronics Item 677,electronics,332.62,USD,Sample description 677
678,SKU-00678,Books Item 678,books,434.37,USD,Sample description 678
679,SKU-00679,Fitness Item 679,fitness,445.41,USD,Sample description 679
680,SKU-00680,Tools Item 680,tools,495.95,USD,Sample description 680
681,SKU-00681,Office Item 681,office,24.48,USD,Sample description 681
682,SKU-00682,Outdoors Item 682,outdoors,354.75,USD,Sample description 682
683,SKU-00683,Outdoors Item 683,outdoors,166.49,USD,Sample description 683
684,SKU-00684,Fitness Item 684,fitness,311.88,USD,Sample description 684
685,SKU-00685,Toys Item 685,toys,277.4,USD,Sample description 685
686,SKU-00686,Office Item 686,office,375.72,USD,Sample description 686
687,SKU-00687,Fitness Item 687,fitness,491.06,USD,Sample description 687
688,SKU-00688,Outdoors Item 688,outdoors,148.29,USD,Sample description 688
689,SKU-00689,Electronics Item 689,electronics,448.23,USD,Sample description 689
690,SKU-00690,Toys Item 690,toys,6.41,USD,Sample description 690
691,SKU-00691,Tools Item 691,tools,486.61,USD,Sample description 691
692,SKU-00692,Books Item 692,books,141.26,USD,Sample description 692
693,SKU-00693,Outdoors Item 693,outdoors,349.03,USD,Sample description 693
694,SKU-00694,Kitchen Item 694,kitchen,181.16,USD,Sample description 694
695,SKU-00695,Kitchen Item 695,kitchen,337.64,USD,Sample description 695
696,SKU-00696,Toys Item 696,toys,116.29,USD,Sample description 696
697,SKU-00697,Books Item 697,books,329.09,USD,Sample description 697
698,SKU-00698,Outdoors Item 698,outdoors,234.74,USD,Sample description 698
699,SKU-00699,Tools Item 699,tools,149.67,USD,Sample description 699
700,SKU-00700,Toys Item 700,toys,126.63,USD,Sample description 700
701,SKU-00701,Toys Item 701,toys,259.05,USD,Sample description 701
702,SKU-00702,Office Item 702,office,396.77,USD,Sample description 702
703,SKU-00703,Electronics Item 703,electronics,51.39,USD,Sample description 703
704,SKU-00704,Electronics Item 704,electronics,277.68,USD,Sample description 704
705,SKU-00705,Kitchen Item 705,kitchen,85.23,USD,Sample description 705
706,SKU-00706,Toys Item 706,toys,203.1,USD,Sample description 706
707,SKU-00707,Toys Item 707,toys,50.15,USD,Sample description 707
708,SKU-00708,Kitchen Item 708,kitchen,51.83,USD,Sample description 708
709,SKU-00709,Electronics Item 709,electronics,186.53,USD,Sample description 709
710,SKU-00710,Fitness Item 710,fitness,220.52,USD,Sample description 710
711,SKU-00711,Office Item 711,office,464.7,USD,Sample description 711
712,SKU-00712,Fitness Item 712,fitness,236.05,USD,Sample description 712
713,SKU-00713,Fitness Item 713,fitness,195.38,USD,Sample description 713
714,SKU-00714,Outdoors Item 714,outdoors,195.54,USD,Sample description 714
715,SKU-00715,Kitchen Item 715,kitchen,179.71,USD,Sample description 715
716,SKU-00716,Outdoors Item 716,outdoors,444.01,USD,Sample description 716
717,SKU-00717,Electronics Item 717,electronics,270.0,USD,Sample description 717
718,SKU-00718,Tools Item 718,tools,217.86,USD,Sample description 718
719,SKU-00719,Electronics Item 719,electronics,242.18,USD,Sample description 719
720,SKU-00720,Kitchen Item 720,kitchen,495.25,USD,Sample description 720
721,SKU-00721,Toys Item 721,toys,238.16,USD,Sample description 721
722,SKU-00722,Toys Item 722,toys,263.24,USD,Sample description 722
723,SKU-00723,Fitness Item 723,fitness,323.52,USD,Sample description 723
724,SKU-00724,Outdoors Item 724,outdoors,213.13,USD,Sample description 724
725,SKU-00725,Outdoors Item 725,outdoors,99.67,USD,Sample description 725
726,SKU-00726,Kitchen Item 726,kitchen,416.39,USD,Sample description 726
727,SKU-00727,Electronics Item 727,electronics,334.72,USD,Sample description 727
728,SKU-00728,Outdoors Item 728,outdoors,480.37,USD,Sample description 728
729,SKU-00729,Books Item 729,books,437.33,USD,Sample description 729
730,SKU-00730,Books Item 730,books,489.35,USD,Sample description 730
731,SKU-00731,Toys Item 731,toys,179.66,USD,Sample description 731
732,SKU-00732,Office Item 732,office,77.93,USD,Sample description 732
733,SKU-00733,Tools Item 733,tools,68.24,USD,Sample description 733
734,SKU-00734,Fitness Item 734,fitness,220.95,USD,Sample description 734
735,SKU-00735,Fitness Item 735,fitness,434.0,USD,Sample description 735
736,SKU-00736,Fitness Item 736,fitness,218.7,USD,Sample description 736
737,SKU-00737,Electronics Item 737,electronics,37.5,USD,Sample description 737
738,SKU-00738,Electronics Item 738,electronics,154.71,USD,Sample description 738
739,SKU-00739,Kitchen Item 739,kitchen,410.89,USD,Sample description 739
740,SKU-00740,Office Item 740,office,13.23,USD,Sample description 740
741,SKU-00741,Outdoors Item 741,outdoors,471.82,USD,Sample description 741
742,SKU-00742,Electronics Item 742,electronics,89.45,USD,Sample description 742
743,SKU-00743,Electronics Item 743,electronics,389.48,USD,Sample description 743
744,SKU-00744,Fitness Item 744,fitness,305.12,USD,Sample description 744
745,SKU-00745,Outdoors Item 745,outdoors,74.92,USD,Sample description 745
746,SKU-00746,Office Item 746,office,119.4,USD,Sample description 746
747,SKU-00747,Toys Item 747,toys,381.63,USD,Sample description 747
748,SKU-00748,Outdoors Item 748,outdoors,231.33,USD,Sample description 748
749,SKU-00749,Office Item 749,office,437.92,USD,Sample description 749
750,SKU-00750,Fitness Item 750,fitness,389.48,USD,Sample description 750
751,SKU-00751,Office Item 751,office,485.16,USD,Sample description 751
752,SKU-00752,Books Item 752,books,282.81,USD,Sample description 752
753,SKU-00753,Toys Item 753,toys,278.74,USD,Sample description 753
754,SKU-00754,Kitchen Item 754,kitchen,470.47,USD,Sample description 754
755,SKU-00755,Office Item 755,office,259.11,USD,Sample description 755
756,SKU-00756,Outdoors Item 756,outdoors,446.28,USD,Sample description 756
757,SKU-00757,Outdoors Item 757,outdoors,432.13,USD,Sample description 757
758,SKU-00758,Books Item 758,books,453.79,USD,Sample description 758
759,SKU-00759,Electronics Item 759,electronics,47.53,USD,Sample description 759
760,SKU-00760,Fitness Item 760,fitness,131.52,USD,Sample description 760
761,SKU-00761,Office Item 761,office,338.67,USD,Sample description 761
762,SKU-00762,Office Item 762,office,15.06,USD,Sample description 762
763,SKU-00763,Fitness Item 763,fitness,486.89,USD,Sample description 763
764,SKU-00764,Toys Item 764,toys,433.04,USD,Sample description 764
765,SKU-00765,Tools Item 765,tools,179.42,USD,Sample description 765
766,SKU-00766,Outdoors Item 766,outdoors,74.93,USD,Sample description 766
767,SKU-00767,Toys Item 767,toys,79.15,USD,Sample description 767
768,SKU-00768,Outdoors Item 768,outdoors,279.07,USD,Sample description 768
769,SKU-00769,Kitchen Item 769,kitchen,427.75,USD,Sample description 769
770,SKU-00770,Electronics Item 770,electronics,35.74,USD,Sample description 770
771,SKU-00771,Books Item 771,books,110.42,USD,Sample description 771
772,SKU-00772,Books Item 772,books,363.16,USD,Sample description 772
773,SKU-00773,Toys Item 773,toys,75.79,USD,Sample description 773
774,SKU-00774,Electronics Item 774,electronics,42.22,USD,Sample description 774
775,SKU-00775,Office Item 775,office,55.16,USD,Sample description 775
776,SKU-00776,Fitness Item 776,fitness,33.93,USD,Sample description 776
777,SKU-00777,Kitchen Item 777,kitchen,172.06,USD,Sample description 777
778,SKU-00778,Tools Item 778,tools,18.79,USD,Sample description 778
779,SKU-00779,Electronics Item 779,electronics,121.61,USD,Sample description 779
780,SKU-00780,Kitchen Item 780,kitchen,33.92,USD,Sample description 780
781,SKU-00781,Books Item 781,books,310.08,USD,Sample description 781
782,SKU-00782,Fitness Item 782,fitness,310.8,USD,Sample description 782
783,SKU-00783,Tools Item 783,tools,372.38,USD,Sample description 783
784,SKU-00784,Tools Item 784,tools,272.56,USD,Sample description 784
785,SKU-00785,Tools Item 785,tools,152.31,USD,Sample description 785
786,SKU-00786,Tools Item 786,tools,324.91,USD,Sample description 786
787,SKU-00787,Books Item 787,books,83.38,USD,Sample description 787
788,SKU-00788,Electronics Item 788,electronics,485.71,USD,Sample description 788
789,SKU-00789,Fitness Item 789,fitness,462.71,USD,Sample description 789
790,SKU-00790,Outdoors Item 790,outdoors,163.67,USD,Sample description 790
791,SKU-00791,Office Item 791,office,189.23,USD,Sample description 791
792,SKU-00792,Fitness Item 792,fitness,229.13,USD,Sample description 792
793,SKU-00793,Electronics Item 793,electronics,137.33,USD,Sample description 793
794,SKU-00794,Fitness Item 794,fitness,323.89,USD,Sample description 794
795,SKU-00795,Outdoors Item 795,outdoors,227.86,USD,Sample description 795
796,SKU-00796,Tools Item 796,tools,54.87,USD,Sample description 796
797,SKU-00797,Electronics Item 797,electronics,353.58,USD,Sample description 797
798,SKU-00798,Office Item 798,office,339.94,USD,Sample description 798
799,SKU-00799,Toys Item 799,toys,83.08,USD,Sample description 799
800,SKU-00800,Outdoors Item 800,outdoors,24.29,USD,Sample description 800
801,SKU-00801,Books Item 801,books,383.19,USD,Sample description 801
802,SKU-00802,Outdoors Item 802,outdoors,49.33,USD,Sample description 802
803,SKU-00803,Books Item 803,books,277.0,USD,Sample description 803
804,SKU-00804,Fitness Item 804,fitness,209.06,USD,Sample description 804
805,SKU-00805,Tools Item 805,tools,222.36,USD,Sample description 805
806,SKU-00806,Toys Item 806,toys,442.97,USD,Sample description 806
807,SKU-00807,Electronics Item 807,electronics,83.64,USD,Sample description 807
808,SKU-00808,Books Item 808,books,35.81,USD,Sample description 808
809,SKU-00809,Outdoors Item 809,outdoors,65.3,USD,Sample description 809
810,SKU-00810,Kitchen Item 810,kitchen,470.56,USD,Sample description 810
811,SKU-00811,Books Item 811,books,56.66,USD,Sample description 811
812,SKU-00812,Electronics Item 812,electronics,180.19,USD,Sample description 812
813,SKU-00813,Tools Item 813,tools,405.85,USD,Sample description 813
814,SKU-00814,Toys Item 814,toys,440.04,USD,Sample description 814
815,SKU-00815,Outdoors Item 815,outdoors,151.45,USD,Sample description 815
816,SKU-00816,Toys Item 816,toys,387.37,USD,Sample description 816
817,SKU-00817,Toys Item 817,toys,216.72,USD,Sample description 817
818,SKU-00818,Outdoors Item 818,outdoors,227.58,USD,Sample description 818
819,SKU-00819,Toys Item 819,toys,156.5,USD,Sample description 819
820,SKU-00820,Kitchen Item 820,kitchen,107.38,USD,Sample description 820
821,SKU-00821,Kitchen Item 821,kitchen,286.69,USD,Sample description 821
822,SKU-00822,Fitness Item 822,fitness,299.03,USD,Sample description 822
823,SKU-00823,Books Item 823,books,146.53,USD,Sample description 823
824,SKU-00824,Outdoors Item 824,outdoors,333.62,USD,Sample description 824
825,SKU-00825,Office Item 825,office,317.69,USD,Sample description 825
826,SKU-00826,Office Item 826,office,455.09,USD,Sample description 826
827,SKU-00827,Outdoors Item 827,outdoors,154.11,USD,Sample description 827
828,SKU-00828,Books Item 828,books,108.13,USD,Sample description 828
829,SKU-00829,Tools Item 829,tools,250.05,USD,Sample description 829
830,SKU-00830,Toys Item 830,toys,189.69,USD,Sample description 830
831,SKU-00831,Kitchen Item 831,kitchen,294.96,USD,Sample description 831
832,SKU-00832,Tools Item 832,tools,194.68,USD,Sample description 832
833,SKU-00833,Outdoors Item 833,outdoors,217.99,USD,Sample description 833
834,SKU-00834,Electronics Item 834,electronics,215.21,USD,Sample description 834
835,SKU-00835,Electronics Item 835,electronics,495.28,USD,Sample description 835
836,SKU-00836,Office Item 836,office,94.12,USD,Sample description 836
837,SKU-00837,Outdoors Item 837,outdoors,40.39,USD,Sample description 837
838,SKU-00838,Kitchen Item 838,kitchen,254.01,USD,Sample description 838
839,SKU-00839,Fitness Item 839,fitness,91.58,USD,Sample description 839
840,SKU-00840,Kitchen Item 840,kitchen,493.97,USD,Sample description 840
841,SKU-00841,Fitness Item 841,fitness,29.35,USD,Sample description 841
842,SKU-00842,Electronics Item 842,electronics,391.01,USD,Sample description 842
843,SKU-00843,Electronics Item 843,electronics,383.82,USD,Sample description 843
844,SKU-00844,Fitness Item 844,fitness,489.9,USD,Sample description 844
845,SKU-00845,Outdoors Item 845,outdoors,437.06,USD,Sample description 845
846,SKU-00846,Outdoors Item 846,outdoors,458.51,USD,Sample description 846
847,SKU-00847,Outdoors Item 847,outdoors,346.21,USD,Sample description 847
848,SKU-00848,Toys Item 848,toys,19.57,USD,Sample description 848
849,SKU-00849,Tools Item 849,tools,98.03,USD,Sample description 849
850,SKU-00850,Books Item 850,books,204.43,USD,Sample description 850
851,SKU-00851,Kitchen Item 851,kitchen,199.23,USD,Sample description 851
852,SKU-00852,Fitness Item 852,fitness,168.06,USD,Sample description 852
853,SKU-00853,Office Item 853,office,493.33,USD,Sample description 853
854,SKU-00854,Toys Item 854,toys,238.5,USD,Sample description 854
855,SKU-00855,Toys Item 855,toys,421.3,USD,Sample description 855
856,SKU-00856,Kitchen Item 856,kitchen,335.26,USD,Sample description 856
857,SKU-00857,Books Item 857,books,340.75,USD,Sample description 857
858,SKU-00858,Kitchen Item 858,kitchen,422.84,USD,Sample description 858
859,SKU-00859,Toys Item 859,toys,339.67,USD,Sample description 859
860,SKU-00860,Electronics Item 860,electronics,110.32,USD,Sample description 860
861,SKU-00861,Outdoors Item 861,outdoors,166.72,USD,Sample description 861
862,SKU-00862,Tools Item 862,tools,391.61,USD,Sample description 862
863,SKU-00863,Tools Item 863,tools,16.52,USD,Sample description 863
864,SKU-00864,Kitchen Item 864,kitchen,335.38,USD,Sample description 864
865,SKU-00865,Toys Item 865,toys,133.53,USD,Sample description 865
866,SKU-00866,Outdoors Item 866,outdoors,13.67,USD,Sample description 866
867,SKU-00867,Fitness Item 867,fitness,56.01,USD,Sample description 867
868,SKU-00868,Electronics Item 868,electronics,462.09,USD,Sample description 868
869,SKU-00869,Toys Item 869,toys,175.72,USD,Sample description 869
870,SKU-00870,Fitness Item 870,fitness,304.01,USD,Sample description 870
871,SKU-00871,Kitchen Item 871,kitchen,218.3,USD,Sample description 871
872,SKU-00872,Toys Item 872,toys,69.71,USD,Sample description 872
873,SKU-00873,Office Item 873,office,128.42,USD,Sample description 873
874,SKU-00874,Kitchen Item 874,kitchen,444.79,USD,Sample description 874
875,SKU-00875,Office Item 875,office,485.68,USD,Sample description 875
876,SKU-00876,Office Item 876,office,61.01,USD,Sample description 876
877,SKU-00877,Office Item 877,office,448.85,USD,Sample description 877
878,SKU-00878,Electronics Item 878,electronics,383.54,USD,Sample description 878
879,SKU-00879,Outdoors Item 879,outdoors,180.56,USD,Sample description 879
880,SKU-00880,Kitchen Item 880,kitchen,39.33,USD,Sample description 880
881,SKU-00881,Toys Item 881,toys,433.13,USD,Sample description 881
882,SKU-00882,Outdoors Item 882,outdoors,160.61,USD,Sample description 882
883,SKU-00883,Tools Item 883,tools,375.27,USD,Sample description 883
884,SKU-00884,Books Item 884,books,49.01,USD,Sample description 884
885,SKU-00885,Books Item 885,books,301.1,USD,Sample description 885
886,SKU-00886,Electronics Item 886,electronics,302.97,USD,Sample description 886
887,SKU-00887,Books Item 887,books,246.78,USD,Sample description 887
888,SKU-00888,Fitness Item 888,fitness,222.76,USD,Sample description 888
889,SKU-00889,Tools Item 889,tools,332.87,USD,Sample description 889
890,SKU-00890,Tools Item 890,tools,358.36,USD,Sample description 890
891,SKU-00891,Toys Item 891,toys,65.6,USD,Sample description 891
892,SKU-00892,Toys Item 892,toys,52.06,USD,Sample description 892
893,SKU-00893,Office Item 893,office,481.16,USD,Sample description 893
894,SKU-00894,Office Item 894,office,69.25,USD,Sample description 894
895,SKU-00895,Books Item 895,books,169.91,USD,Sample description 895
896,SKU-00896,Tools Item 896,tools,173.24,USD,Sample description 896
897,SKU-00897,Kitchen Item 897,kitchen,374.86,USD,Sample description 897
898,SKU-00898,Books Item 898,books,22.74,USD,Sample description 898
899,SKU-00899,Toys Item 899,toys,198.78,USD,Sample description 899
900,SKU-00900,Fitness Item 900,fitness,160.97,USD,Sample description 900
901,SKU-00901,Office Item 901,office,296.51,USD,Sample description 901
902,SKU-00902,Kitchen Item 902,kitchen,136.71,USD,Sample description 902
903,SKU-00903,Electronics Item 903,electronics,337.2,USD,Sample description 903
904,SKU-00904,Toys Item 904,toys,154.64,USD,Sample description 904
905,SKU-00905,Toys Item 905,toys,55.06,USD,Sample description 905
906,SKU-00906,Toys Item 906,toys,466.55,USD,Sample description 906
907,SKU-00907,Fitness Item 907,fitness,347.15,USD,Sample description 907
908,SKU-00908,Office Item 908,office,242.37,USD,Sample description 908
909,SKU-00909,Toys Item 909,toys,443.29,USD,Sample description 909
910,SKU-00910,Outdoors Item 910,outdoors,186.99,USD,Sample description 910
911,SKU-00911,Kitchen Item 911,kitchen,268.55,USD,Sample description 911
912,SKU-00912,Toys Item 912,toys,100.34,USD,Sample description 912
913,SKU-00913,Tools Item 913,tools,386.24,USD,Sample description 913
914,SKU-00914,Fitness Item 914,fitness,264.99,USD,Sample description 914
915,SKU-00915,Tools Item 915,tools,231.92,USD,Sample description 915
916,SKU-00916,Electronics Item 916,electronics,236.05,USD,Sample description 916
917,SKU-00917,Electronics Item 917,electronics,26.44,USD,Sample description 917
918,SKU-00918,Books Item 918,books,352.45,USD,Sample description 918
919,SKU-00919,Electronics Item 919,electronics,198.25,USD,Sample description 919
920,SKU-00920,Books Item 920,books,115.57,USD,Sample description 920
921,SKU-00921,Kitchen Item 921,kitchen,78.14,USD,Sample description 921
922,SKU-00922,Toys Item 922,toys,440.95,USD,Sample description 922
923,SKU-00923,Office Item 923,office,354.92,USD,Sample description 923
924,SKU-00924,Books Item 924,books,179.89,USD,Sample description 924
925,SKU-00925,Electronics Item 925,electronics,318.35,USD,Sample description 925
926,SKU-00926,Books Item 926,books,445.64,USD,Sample description 926
927,SKU-00927,Fitness Item 927,fitness,99.79,USD,Sample description 927
928,SKU-00928,Office Item 928,office,321.33,USD,Sample description 928
929,SKU-00929,Office Item 929,office,205.53,USD,Sample description 929
930,SKU-00930,Kitchen Item 930,kitchen,303.78,USD,Sample description 930
931,SKU-00931,Outdoors Item 931,outdoors,380.11,USD,Sample description 931
932,SKU-00932,Outdoors Item 932,outdoors,188.23,USD,Sample description 932
933,SKU-00933,Books Item 933,books,280.25,USD,Sample description 933
934,SKU-00934,Toys Item 934,toys,11.54,USD,Sample description 934
935,SKU-00935,Toys Item 935,toys,488.58,USD,Sample description 935
936,SKU-00936,Fitness Item 936,fitness,268.44,USD,Sample description 936
937,SKU-00937,Outdoors Item 937,outdoors,15.0,USD,Sample description 937
938,SKU-00938,Tools Item 938,tools,495.73,USD,Sample description 938
939,SKU-00939,Electronics Item 939,electronics,26.09,USD,Sample description 939
940,SKU-00940,Kitchen Item 940,kitchen,311.28,USD,Sample description 940
941,SKU-00941,Toys Item 941,toys,154.2,USD,Sample description 941
942,SKU-00942,Toys Item 942,toys,321.68,USD,Sample description 942
943,SKU-00943,Tools Item 943,tools,66.26,USD,Sample description 943
944,SKU-00944,Toys Item 944,toys,278.43,USD,Sample description 944
945,SKU-00945,Outdoors Item 945,outdoors,194.13,USD,Sample description 945
946,SKU-00946,Fitness Item 946,fitness,60.25,USD,Sample description 946
947,SKU-00947,Toys Item 947,toys,205.48,USD,Sample description 947
948,SKU-00948,Outdoors Item 948,outdoors,249.71,USD,Sample description 948
949,SKU-00949,Kitchen Item 949,kitchen,209.35,USD,Sample description 949
950,SKU-00950,Electronics Item 950,electronics,462.73,USD,Sample description 950
951,SKU-00951,Books Item 951,books,262.64,USD,Sample description 951
952,SKU-00952,Books Item 952,books,195.44,USD,Sample description 952
953,SKU-00953,Kitchen Item 953,kitchen,115.74,USD,Sample description 953
954,SKU-00954,Books Item 954,books,122.58,USD,Sample description 954
955,SKU-00955,Electronics Item 955,electronics,472.02,USD,Sample description 955
956,SKU-00956,Fitness Item 956,fitness,104.0,USD,Sample description 956
957,SKU-00957,Office Item 957,office,216.55,USD,Sample description 957
958,SKU-00958,Tools Item 958,tools,145.16,USD,Sample description 958
959,SKU-00959,Tools Item 959,tools,27.2,USD,Sample description 959
960,SKU-00960,Tools Item 960,tools,193.65,USD,Sample description 960
961,SKU-00961,Fitness Item 961,fitness,175.72,USD,Sample description 961
962,SKU-00962,Kitchen Item 962,kitchen,202.27,USD,Sample description 962
963,SKU-00963,Fitness Item 963,fitness,345.1,USD,Sample description 963
964,SKU-00964,Toys Item 964,toys,300.08,USD,Sample description 964
965,SKU-00965,Books Item 965,books,368.52,USD,Sample description 965
966,SKU-00966,Electronics Item 966,electronics,173.3,USD,Sample description 966
967,SKU-00967,Books Item 967,books,111.7,USD,Sample description 967
968,SKU-00968,Office Item 968,office,341.44,USD,Sample description 968
969,SKU-00969,Office Item 969,office,333.55,USD,Sample description 969
970,SKU-00970,Outdoors Item 970,outdoors,487.72,USD,Sample description 970
971,SKU-00971,Books Item 971,books,374.01,USD,Sample description 971
972,SKU-00972,Kitchen Item 972,kitchen,56.96,USD,Sample description 972
973,SKU-00973,Toys Item 973,toys,381.43,USD,Sample description 973
974,SKU-00974,Outdoors Item 974,outdoors,263.1,USD,Sample description 974
975,SKU-00975,Books Item 975,books,339.71,USD,Sample description 975
976,SKU-00976,Tools Item 976,tools,13.77,USD,Sample description 976
977,SKU-00977,Toys Item 977,toys,170.89,USD,Sample description 977
978,SKU-00978,Outdoors Item 978,outdoors,213.06,USD,Sample description 978
979,SKU-00979,Fitness Item 979,fitness,129.09,USD,Sample description 979
980,SKU-00980,Books Item 980,books,480.8,USD,Sample description 980
981,SKU-00981,Books Item 981,books,77.44,USD,Sample description 981
982,SKU-00982,Toys Item 982,toys,87.05,USD,Sample description 982
983,SKU-00983,Tools Item 983,tools,361.0,USD,Sample description 983
984,SKU-00984,Toys Item 984,toys,424.4,USD,Sample description 984
985,SKU-00985,Outdoors Item 985,outdoors,249.17,USD,Sample description 985
986,SKU-00986,Toys Item 986,toys,9.08,USD,Sample description 986
987,SKU-00987,Toys Item 987,toys,329.21,USD,Sample description 987
988,SKU-00988,Office Item 988,office,85.45,USD,Sample description 988
989,SKU-00989,Tools Item 989,tools,27.66,USD,Sample description 989
990,SKU-00990,Outdoors Item 990,outdoors,314.42,USD,Sample description 990
991,SKU-00991,Tools Item 991,tools,168.11,USD,Sample description 991
992,SKU-00992,Office Item 992,office,248.32,USD,Sample description 992
993,SKU-00993,Toys Item 993,toys,358.91,USD,Sample description 993
994,SKU-00994,Fitness Item 994,fitness,44.79,USD,Sample description 994
995,SKU-00995,Tools Item 995,tools,177.38,USD,Sample description 995
996,SKU-00996,Office Item 996,office,45.26,USD,Sample description 996
997,SKU-00997,Kitchen Item 997,kitchen,16.46,USD,Sample description 997
998,SKU-00998,Electronics Item 998,electronics,237.83,USD,Sample description 998
999,SKU-00999,Electronics Item 999,electronics,393.08,USD,Sample description 999
1000,SKU-01000,Kitchen Item 1000,kitchen,212.25,USD,Sample description 1000
